sample	cluster
USA/WY-CDC-IBX893902937584/2021|MZ755166.1|2021-08-02	USA/WY-CDC-IBX893902937584/2021|MZ755166.1|2021-08-02
USA/AK-CDC-FG-073050/2021|MZ837433.1|2021-08-06	USA/AK-CDC-FG-073050/2021|MZ837433.1|2021-08-06
USA/AK-CDC-FG-073050/2021|MZ837785.1|2021-08-06	USA/AK-CDC-FG-073050/2021|MZ837785.1|2021-08-06
USA/AL-CDC-FG-072024/2021|MZ837483.1|2021-08-07	node_22826
USA/AL-CDC-FG-072024/2021|MZ837835.1|2021-08-07	node_22826
USA/AL-UAB-GX717/2021|MZ828161.1|2021-08-05	node_22826
USA/AL-CDC-FG-071864/2021|MZ837485.1|2021-08-08	node_12004
USA/AL-CDC-FG-071864/2021|MZ837837.1|2021-08-08	node_12004
USA/AL-CDC-FG-071840/2021|MZ837490.1|2021-08-08	node_18100
USA/AL-CDC-FG-071840/2021|MZ837842.1|2021-08-08	node_18100
USA/AL-CDC-FG-071869/2021|MZ837481.1|2021-08-07	node_21538
USA/AL-CDC-FG-071869/2021|MZ837833.1|2021-08-07	node_21538
USA/AL-CDC-FG-071937/2021|MZ837482.1|2021-08-07	node_58592
USA/AL-CDC-FG-071937/2021|MZ837834.1|2021-08-07	node_58592
USA/AR-UMGC-7699/2021|MZ831632.1|2021-08-03	node_57746
USA/AR-UMGC-7771/2021|MZ831676.1|2021-08-03	node_57746
USA/AR-UMGC-7651/2021|MZ831599.1|2021-08-02	node_20164
USA/AR-UMGC-7940/2021|MZ831799.1|2021-08-03	node_20164
USA/AR-UMGC-7694/2021|MZ831629.1|2021-08-02	node_58801
USA/AR-UMGC-7734/2021|MZ831656.1|2021-08-03	node_58801
USA/AR-UMGC-7639/2021|MZ831591.1|2021-08-05	USA/AR-UMGC-7639/2021|MZ831591.1|2021-08-05
USA/AR-UMGC-7645/2021|MZ831595.1|2021-08-03	USA/AR-UMGC-7645/2021|MZ831595.1|2021-08-03
USA/AZ-4800/2021|MZ832627.1|2021-08-09	node_54072
USA/AZ-4801/2021|MZ832636.1|2021-08-09	node_54072
USA/AZ-4802/2021|MZ832625.1|2021-08-09	node_54072
USA/AZ-4803/2021|MZ832638.1|2021-08-09	node_54072
USA/AZ-4804/2021|MZ832624.1|2021-08-09	node_54072
USA/AZ-4805/2021|MZ832623.1|2021-08-09	node_54072
USA/AZ-4806/2021|MZ832618.1|2021-08-09	node_54072
USA/AZ-4809/2021|MZ832641.1|2021-08-09	node_54072
USA/AZ-4810/2021|MZ832644.1|2021-08-09	node_54072
USA/AZ-4811/2021|MZ832633.1|2021-08-09	node_54072
USA/AZ-4812/2021|MZ832639.1|2021-08-09	node_54072
USA/AZ-4813/2021|MZ832637.1|2021-08-09	node_54072
USA/AZ-4821/2021|MZ832629.1|2021-08-10	node_54072
USA/AZ-4822/2021|MZ832630.1|2021-08-10	node_54072
USA/AZ-4755/2021|MZ832200.1|2021-08-04	node_7425
USA/AZ-4760/2021|MZ832203.1|2021-08-04	node_7425
USA/AZ-4770/2021|MZ832212.1|2021-08-07	node_7950
USA/AZ-4771/2021|MZ832217.1|2021-08-07	node_7950
USA/AZ-4685/2021|MZ832343.1|2021-08-02	node_12692
USA/AZ-4704/2021|MZ832335.1|2021-08-03	node_12692
USA/AZ-4683/2021|MZ832357.1|2021-08-03	USA/AZ-4683/2021|MZ832357.1|2021-08-03
USA/CA-CDC-FG-059849/2021|MZ761681.1|2021-08-03	node_18551
USA/CA-CDC-FG-059904/2021|MZ761754.1|2021-08-03	node_18551
USA/CA-CDC-FG-061257/2021|MZ763552.1|2021-08-04	node_18551
USA/CA-CDC-FG-061607/2021|MZ763606.1|2021-08-04	node_18551
USA/CA-CDC-FG-062561/2021|MZ802294.1|2021-08-04	node_18551
USA/CA-CDC-FG-062608/2021|MZ802358.1|2021-08-04	node_18551
USA/CA-CDC-FG-062978/2021|MZ802677.1|2021-08-04	node_18551
USA/CA-CDC-FG-063478/2021|MZ811397.1|2021-08-05	node_18551
USA/CA-CDC-FG-063588/2021|MZ811206.1|2021-08-05	node_18551
USA/CA-CDC-FG-063650/2021|MZ811496.1|2021-08-05	node_18551
USA/CA-CDC-FG-063664/2021|MZ811515.1|2021-08-05	node_18551
USA/CA-CDC-FG-063746/2021|MZ811559.1|2021-08-05	node_18551
USA/CA-CDC-FG-064250/2021|MZ811925.1|2021-08-05	node_18551
USA/CA-CDC-FG-058268/2021|MZ762644.1|2021-08-02	node_56829
USA/CA-CDC-FG-058420/2021|MZ761994.1|2021-08-02	node_56829
USA/CA-CDC-FG-058462/2021|MZ762042.1|2021-08-02	node_56829
USA/CA-CDC-FG-058825/2021|MZ760980.1|2021-08-02	node_56829
USA/CA-CDC-FG-059138/2021|MZ761234.1|2021-08-02	node_56829
USA/CA-CDC-FG-059182/2021|MZ761231.1|2021-08-02	node_56829
USA/CA-CDC-FG-059270/2021|MZ761228.1|2021-08-02	node_56829
USA/CA-CDC-FG-059535/2021|MZ761413.1|2021-08-02	node_56829
USA/CA-CDC-FG-059990/2021|MZ761817.1|2021-08-03	node_56829
USA/CA-CDC-FG-063864/2021|MZ811660.1|2021-08-05	node_56829
USA/CA-CDC-FG-055954/2021|MZ765105.1|2021-07-31	node_56720
USA/CA-CDC-FG-056094/2021|MZ765119.1|2021-07-31	node_56720
USA/CA-CDC-FG-057933/2021|MZ762415.1|2021-08-02	node_56720
USA/CA-CDC-FG-058005/2021|MZ762597.1|2021-08-02	node_56720
USA/CA-CDC-FG-058703/2021|MZ760922.1|2021-08-02	node_56720
USA/CA-CDC-FG-062499/2021|MZ802306.1|2021-08-04	node_56720
USA/CA-CDC-FG-063424/2021|MZ811346.1|2021-08-05	node_56720
USA/CA-CDC-FG-063515/2021|MZ811407.1|2021-08-05	node_56720
USA/CA-CDC-FG-063769/2021|MZ811475.1|2021-08-05	node_56720
USA/CA-CDC-FG-057949/2021|MZ762552.1|2021-08-02	node_48269
USA/CA-CDC-FG-058004/2021|MZ762569.1|2021-08-02	node_48269
USA/CA-CDC-FG-058177/2021|MZ762722.1|2021-08-02	node_48269
USA/CA-CDC-FG-058288/2021|MZ762698.1|2021-08-02	node_48269
USA/CA-CDC-FG-061245/2021|MZ763484.1|2021-08-03	node_48269
USA/CA-CDC-FG-062502/2021|MZ802337.1|2021-08-04	node_48269
USA/CA-CDC-FG-062643/2021|MZ802438.1|2021-08-04	node_48269
USA/CA-CDC-FG-056321/2021|MZ765329.1|2021-07-31	node_11887
USA/CA-CDC-FG-058213/2021|MZ762759.1|2021-08-02	node_11887
USA/CA-CDC-FG-061617/2021|MZ763741.1|2021-08-04	node_11887
USA/CA-CDC-FG-063611/2021|MZ811491.1|2021-08-05	node_11887
USA/CA-CDC-FG-063731/2021|MZ811575.1|2021-08-05	node_11887
USA/CA-CDC-FG-063751/2021|MZ811468.1|2021-08-05	node_11887
USA/CO-CDC-FG-073204/2021|MZ837374.1|2021-08-05	node_54328
USA/CO-CDC-FG-073204/2021|MZ837726.1|2021-08-05	node_54328
USA/CO-CDC-FG-062298/2021|MZ802156.1|2021-08-03	USA/CO-CDC-FG-062298/2021|MZ802156.1|2021-08-03
USA/CO-CDC-FG-062357/2021|MZ802233.1|2021-08-03	USA/CO-CDC-FG-062357/2021|MZ802233.1|2021-08-03
USA/CO-CDC-FG-057720/2021|MZ762316.1|2021-07-31	USA/CO-CDC-FG-057720/2021|MZ762316.1|2021-07-31
USA/CO-CDC-FG-057830/2021|MZ762281.1|2021-07-31	USA/CO-CDC-FG-057830/2021|MZ762281.1|2021-07-31
USA/CT-CDCBI-CRSP_4IMSMBDISY6AZOGT/2021|MZ775830.1|2021-08-03	node_51327
USA/CT-CDCBI-CRSP_4IMSMBDISY6AZOGT/2021|MZ775830.2|2021-08-03	node_51327
USA/CT-CDC-FG-073122/2021|MZ837368.1|2021-08-06	node_56241
USA/CT-CDC-FG-073122/2021|MZ837720.1|2021-08-06	node_56241
USA/CT-CDCBI-CRSP_B7MM53YXXHPLCYJT/2021|MZ777572.1|2021-08-05	node_56472
USA/CT-CDCBI-CRSP_GS3KF2LXCISEOTL4/2021|MZ777573.1|2021-08-06	node_56472
USA/CT-CDCBI-CRSP_IK25VYMA7ZIFD6WN/2021|MZ838952.1|2021-08-13	USA/CT-CDCBI-CRSP_IK25VYMA7ZIFD6WN/2021|MZ838952.1|2021-08-13
USA/CT-CDCBI-CRSP_IN4Y6JLGXJHDGG65/2021|MZ830651.1|2021-08-10	USA/CT-CDCBI-CRSP_IN4Y6JLGXJHDGG65/2021|MZ830651.1|2021-08-10
USA/DC-CDC-FG-062559/2021|MZ802379.1|2021-08-04	USA/DC-CDC-FG-062559/2021|MZ802379.1|2021-08-04
USA/FL-CDC-FG-073015/2021|MZ837237.1|2021-08-05	node_20358
USA/FL-CDC-FG-073015/2021|MZ837589.1|2021-08-05	node_20358
USA/FL-CDC-FG-073148/2021|MZ837438.1|2021-08-05	node_56827
USA/FL-CDC-FG-073148/2021|MZ837790.1|2021-08-05	node_56827
USA/FL-CDC-FG-058353/2021|MZ761907.1|2021-08-01	USA/FL-CDC-FG-058353/2021|MZ761907.1|2021-08-01
USA/FL-CDC-FG-058489/2021|MZ761972.1|2021-07-31	USA/FL-CDC-FG-058489/2021|MZ761972.1|2021-07-31
USA/FL-CDC-FG-059289/2021|MZ761360.1|2021-07-31	USA/FL-CDC-FG-059289/2021|MZ761360.1|2021-07-31
USA/GA-CDC-FG-071986/2021|MZ837477.1|2021-08-06	node_7397
USA/GA-CDC-FG-071986/2021|MZ837829.1|2021-08-06	node_7397
USA/GA-CDC-IBX647643874804/2021|MZ755115.1|2021-08-02	USA/GA-CDC-IBX647643874804/2021|MZ755115.1|2021-08-02
USA/GA-CDC-IBX773333158043/2021|MZ755141.1|2021-07-31	USA/GA-CDC-IBX773333158043/2021|MZ755141.1|2021-07-31
USA/GA-GPHL-0957/2021|MZ821612.1|2021-08-02	USA/GA-GPHL-0957/2021|MZ821612.1|2021-08-02
USA/GA-GPHL-0972/2021|MZ821616.1|2021-08-02	USA/GA-GPHL-0972/2021|MZ821616.1|2021-08-02
USA/ID-CDC-IBX290652767734/2021|MZ801917.1|2021-07-31	node_19734
USA/ID-CDC-IBX527493080672/2021|MZ801968.1|2021-07-31	node_19734
USA/ID-CDC-FG-061703/2021|MZ763875.1|2021-08-02	USA/ID-CDC-FG-061703/2021|MZ763875.1|2021-08-02
USA/ID-CDC-IBX076645115971/2021|MZ801877.1|2021-07-31	USA/ID-CDC-IBX076645115971/2021|MZ801877.1|2021-07-31
USA/IL-CDC-FG-071902/2021|MZ837469.1|2021-08-05	node_53342
USA/IL-CDC-FG-071902/2021|MZ837821.1|2021-08-05	node_53342
USA/IL-CDC-FG-071866/2021|MZ837470.1|2021-08-05	node_58532
USA/IL-CDC-FG-071866/2021|MZ837822.1|2021-08-05	node_58532
USA/LA-BIE-LSUH001703/2021|MZ712909.1|2021-07-31	USA/LA-BIE-LSUH001703/2021|MZ712909.1|2021-07-31
USA/LA-BIE-LSUH001744/2021|MZ712916.1|2021-07-31	USA/LA-BIE-LSUH001744/2021|MZ712916.1|2021-07-31
USA/LA-BIE-LSUH001755/2021|MZ712863.1|2021-07-31	USA/LA-BIE-LSUH001755/2021|MZ712863.1|2021-07-31
USA/LA-BIE-LSUH900046/2021|MZ712844.1|2021-07-31	USA/LA-BIE-LSUH900046/2021|MZ712844.1|2021-07-31
USA/LA-BIE-LSUH001662/2021|MZ712820.1|2021-07-31	node_11691
USA/MA-CDCBI-CRSP_2CW3WHZX6MFGJSCL/2021|MZ775835.1|2021-08-04	node_58940
USA/MA-CDCBI-CRSP_2OBGZZFBA5R4DWOX/2021|MZ775840.1|2021-08-03	node_58940
USA/MA-CDCBI-CRSP_36XCXRGD3YCSVXR3/2021|MZ775844.1|2021-08-04	node_58940
USA/MA-CDCBI-CRSP_57LHJP3AKPIC4FK2/2021|MZ775875.1|2021-08-03	node_58940
USA/MA-CDCBI-CRSP_5I24DX2F27OPICHC/2021|MZ775877.1|2021-08-04	node_58940
USA/MA-CDCBI-CRSP_5W2TCRLW2RBPOMD5/2021|MZ775883.1|2021-08-03	node_58940
USA/MA-CDCBI-CRSP_5WKBKK7ZITS3IVNS/2021|MZ775884.1|2021-08-03	node_58940
USA/MA-CDCBI-CRSP_AKMVISZUJAO7CAHA/2021|MZ775917.1|2021-08-03	node_58940
USA/MA-CDCBI-CRSP_BGLOHQZ2UDG5RJTD/2021|MZ775925.1|2021-08-03	node_58940
USA/MA-CDCBI-CRSP_BVKZSH2WCXNCYIXM/2021|MZ775930.1|2021-08-03	node_58940
USA/MA-CDCBI-CRSP_BXOFVN7DRPRSW5XC/2021|MZ775931.1|2021-08-03	node_58940
USA/MA-CDCBI-CRSP_DDJJE2FVOYH5HCW7/2021|MZ775953.1|2021-08-03	node_58940
USA/MA-CDCBI-CRSP_FARD6OM75U5U4LP2/2021|MZ775987.1|2021-08-03	node_58940
USA/MA-CDCBI-CRSP_FDIMMHZEYP35SMH5/2021|MZ775990.1|2021-08-03	node_58940
USA/MA-CDCBI-CRSP_FJX25SYCYADSA36G/2021|MZ775996.1|2021-08-03	node_58940
USA/MA-CDCBI-CRSP_FX3BJHQ2PUPQFURU/2021|MZ776000.1|2021-08-03	node_58940
USA/MA-CDCBI-CRSP_GNNFFRMIV2BR74GZ/2021|MZ776010.1|2021-08-04	node_58940
USA/MA-CDCBI-CRSP_GNRYW7TQYQU2ZLVH/2021|MZ776011.1|2021-08-03	node_58940
USA/MA-CDCBI-CRSP_I3YDDGITT2CZVNAN/2021|MZ776035.1|2021-08-04	node_58940
USA/MA-CDCBI-CRSP_IKT2A4225GRLFADT/2021|MZ776043.1|2021-08-04	node_58940
USA/MA-CDCBI-CRSP_IWUQZL6HPWCVJ4LF/2021|MZ776045.1|2021-08-03	node_58940
USA/MA-CDCBI-CRSP_JCV7KQO6WWA25F3U/2021|MZ776050.1|2021-08-03	node_58940
USA/MA-CDCBI-CRSP_JRZ4OBSL4ORVI43M/2021|MZ776055.1|2021-08-03	node_58940
USA/MA-CDCBI-CRSP_M4B4WJIE4WNPOVGX/2021|MZ776087.1|2021-08-03	node_58940
USA/MA-CDCBI-CRSP_M4B4WJIE4WNPOVGX/2021|MZ776087.2|2021-08-03	node_58940
USA/MA-CDCBI-CRSP_M4NGGOCNJRZXIIC6/2021|MZ776089.1|2021-08-04	node_58940
USA/MA-CDCBI-CRSP_M5ZIJ2TXFEFU727L/2021|MZ776090.1|2021-08-03	node_58940
USA/MA-CDCBI-CRSP_MA4P2YVTQQMMCKYD/2021|MZ776092.1|2021-08-03	node_58940
USA/MA-CDCBI-CRSP_NYI7MFQUYXAWJ6H7/2021|MZ776114.1|2021-08-03	node_58940
USA/MA-CDCBI-CRSP_OAZXAMGT7LSCDCDV/2021|MZ776118.1|2021-08-04	node_58940
USA/MA-CDCBI-CRSP_PCZCVN32IIM6ZBMI/2021|MZ776142.1|2021-08-03	node_58940
USA/MA-CDCBI-CRSP_PEONZ635TGTDCNA7/2021|MZ776144.1|2021-08-03	node_58940
USA/MA-CDCBI-CRSP_RAXYRQC56AYJGENY/2021|MZ776158.1|2021-08-04	node_58940
USA/MA-CDCBI-CRSP_SFENDXKHK2XR2MV2/2021|MZ776175.1|2021-08-04	node_58940
USA/MA-CDCBI-CRSP_TDJ6WMJE3X6VCCOL/2021|MZ776189.1|2021-08-03	node_58940
USA/MA-CDCBI-CRSP_TIJYU7CGIHBZOJG4/2021|MZ776193.1|2021-08-04	node_58940
USA/MA-CDCBI-CRSP_TNNTJAI3BOE6XOUM/2021|MZ776197.1|2021-08-04	node_58940
USA/MA-CDCBI-CRSP_TY5LPIR53G667BIB/2021|MZ776198.1|2021-08-03	node_58940
USA/MA-CDCBI-CRSP_U2TOBCHPSISM5G22/2021|MZ776200.1|2021-08-04	node_58940
USA/MA-CDCBI-CRSP_UUMUN2OVYNTUHSLA/2021|MZ776215.1|2021-08-03	node_58940
USA/MA-CDCBI-CRSP_V67RYFDQ5CWCBKEB/2021|MZ776217.1|2021-08-03	node_58940
USA/MA-CDCBI-CRSP_V67RYFDQ5CWCBKEB/2021|MZ776217.2|2021-08-03	node_58940
USA/MA-CDCBI-CRSP_VHF6QCQ366CTPHSV/2021|MZ776223.1|2021-08-03	node_58940
USA/MA-CDCBI-CRSP_VI7ACQUF4C2Z3LPK/2021|MZ776224.1|2021-08-03	node_58940
USA/MA-CDCBI-CRSP_Z4X2X5RBMIHDGV6C/2021|MZ776269.1|2021-08-03	node_58940
USA/MA-CDCBI-CRSP_ZO5JZCOYESWNTNQG/2021|MZ776275.1|2021-08-03	node_58940
USA/MA-CDCBI-CRSP_25OY3GDLDK7RIYBL/2021|MZ801161.1|2021-08-07	node_53093
USA/MA-CDCBI-CRSP_2SGENWTOI5JE5CEG/2021|MZ838965.1|2021-08-13	node_53093
USA/MA-CDCBI-CRSP_4E2DEFDMTSBBUEJK/2021|MZ841102.1|2021-08-11	node_53093
USA/MA-CDCBI-CRSP_5M7AU6IQAUJMQDMZ/2021|MZ841116.1|2021-08-11	node_53093
USA/MA-CDCBI-CRSP_5OEVIGKKPBOBZVOZ/2021|MZ777630.1|2021-08-05	node_53093
USA/MA-CDCBI-CRSP_CWOF535U24XCZRY4/2021|MZ830782.1|2021-08-11	node_53093
USA/MA-CDCBI-CRSP_DEDTHJQZWUQ2VVS7/2021|MZ839077.1|2021-08-13	node_53093
USA/MA-CDCBI-CRSP_EKKL3W4G6TIRJYJT/2021|MZ777740.1|2021-08-06	node_53093
USA/MA-CDCBI-CRSP_FCI3IXLOVFDPKDRV/2021|MZ775989.2|2021-08-05	node_53093
USA/MA-CDCBI-CRSP_HDRRTPE7WM6Y3RIO/2021|MZ776023.2|2021-08-03	node_53093
USA/MA-CDCBI-CRSP_HSV2SQPUPKJKALSK/2021|MZ841239.1|2021-08-11	node_53093
USA/MA-CDCBI-CRSP_I4N24HAXLTFZQHMO/2021|MZ841244.1|2021-08-11	node_53093
USA/MA-CDCBI-CRSP_IQIBA544TMIRRSS6/2021|MZ801414.1|2021-08-09	node_53093
USA/MA-CDCBI-CRSP_IS2LUQKISKARXVDG/2021|MZ839149.1|2021-08-13	node_53093
USA/MA-CDCBI-CRSP_J56LS3L6JN3K5VIT/2021|MZ830861.1|2021-08-10	node_53093
USA/MA-CDCBI-CRSP_JFBGBS6G6D2IDTCS/2021|MZ801424.1|2021-08-07	node_53093
USA/MA-CDCBI-CRSP_NI427DLRWOEWSU3N/2021|MZ777881.1|2021-08-06	node_53093
USA/MA-CDCBI-CRSP_RIAJ42R5CJ74JXLZ/2021|MZ830974.1|2021-08-10	node_53093
USA/MA-CDCBI-CRSP_TPNDVUDWHIHBEHTZ/2021|MZ831012.1|2021-08-10	node_53093
USA/MA-CDCBI-CRSP_TZVOWISMS55MP6BA/2021|MZ777975.1|2021-08-05	node_53093
USA/MA-CDCBI-CRSP_UR5IQAZN5DGBBWZA/2021|MZ801598.1|2021-08-07	node_53093
USA/MA-CDCBI-CRSP_XSVJCXNBBTQXVIK6/2021|MZ839346.1|2021-08-12	node_53093
USA/MA-CDCBI-CRSP_ZN35VI5X5CZQ4ZCM/2021|MZ831097.1|2021-08-10	node_53093
USA/MA-CDCBI-CRSP_2KYG2CFHLGVMVNX3/2021|MZ830664.1|2021-08-10	node_57815
USA/MA-CDCBI-CRSP_4XUNP5F6HTJ5MY2C/2021|MZ777617.1|2021-08-04	node_57815
USA/MA-CDCBI-CRSP_52ZXBGBS4S5NACLE/2021|MZ841109.1|2021-08-12	node_57815
USA/MA-CDCBI-CRSP_5CAVKYLIUFZMAXVQ/2021|MZ839004.1|2021-08-13	node_57815
USA/MA-CDCBI-CRSP_5DAELRXCKTGMB4FQ/2021|MZ777626.1|2021-08-06	node_57815
USA/MA-CDCBI-CRSP_5HH6RW7PVICMG7MP/2021|MZ830701.1|2021-08-11	node_57815
USA/MA-CDCBI-CRSP_6GF5FWSQJI4HZIXA/2021|MZ830723.1|2021-08-11	node_57815
USA/MA-CDCBI-CRSP_7MZMJN56PMFAVAOY/2021|MZ777663.1|2021-08-06	node_57815
USA/MA-CDCBI-CRSP_7NBG7OLHGLBQ4JCK/2021|MZ801258.1|2021-08-08	node_57815
USA/MA-CDCBI-CRSP_ATDPCD3VG4TKS4TG/2021|MZ830759.1|2021-08-10	node_57815
USA/MA-CDCBI-CRSP_CWYH4HFYNSAJIOMI/2021|MZ841175.1|2021-08-12	node_57815
USA/MA-CDCBI-CRSP_DQ72BE7PFX2HB465/2021|MZ753039.1|2021-08-02	node_57815
USA/MA-CDCBI-CRSP_GC47TXXS6SYZHRKD/2021|MZ841213.1|2021-08-11	node_57815
USA/MA-CDCBI-CRSP_GKCAIETHJAFVJYR5/2021|MZ776009.1|2021-08-03	node_57815
USA/MA-CDCBI-CRSP_GKCAIETHJAFVJYR5/2021|MZ776009.2|2021-08-03	node_57815
USA/MA-CDCBI-CRSP_I4LWGM2Q22ROISDK/2021|MZ801402.1|2021-08-09	node_57815
USA/MA-CDCBI-CRSP_JEOFXNIIWMY72M5Q/2021|MZ830867.1|2021-08-11	node_57815
USA/MA-CDCBI-CRSP_JFOJBQIAAL7EEI6D/2021|MZ801425.1|2021-08-09	node_57815
USA/MA-CDCBI-CRSP_KORK26OXTSEBT42M/2021|MZ839171.1|2021-08-13	node_57815
USA/MA-CDCBI-CRSP_TKPJ7UOLIPSQEJZ4/2021|MZ776195.1|2021-08-03	node_57815
USA/MA-CDCBI-CRSP_TKPJ7UOLIPSQEJZ4/2021|MZ776195.2|2021-08-03	node_57815
USA/MA-CDCBI-CRSP_VTQYSE4QM5OI3FIY/2021|MZ841426.1|2021-08-11	node_57815
USA/MA-CDCBI-CRSP_WNV4Y2KHX3WVBR2N/2021|MZ839336.1|2021-08-13	node_57815
USA/MA-CDCBI-CRSP_YLQJOZSZTORJS5W4/2021|MZ841457.1|2021-08-12	node_57815
USA/MA-CDCBI-CRSP_YU3D4SIDCTFB5HNF/2021|MZ841459.1|2021-08-11	node_57815
USA/MA-CDCBI-CRSP_ZREWBCIYUATHU4SV/2021|MZ801672.1|2021-08-07	node_57815
USA/MA-CDCBI-CRSP_5Z2FNIV7FLPEVZQ5/2021|MZ830715.1|2021-08-10	node_17713
USA/MA-CDCBI-CRSP_6ZWBGWSAV6JAVZZM/2021|MZ777651.1|2021-08-05	node_17713
USA/MA-CDCBI-CRSP_7H3QFUHUI6GDFW5V/2021|MZ841136.1|2021-08-11	node_17713
USA/MA-CDCBI-CRSP_DANMB5VYUIXH3PLT/2021|MZ830786.1|2021-08-10	node_17713
USA/MA-CDCBI-CRSP_FOIYG3TX62NW3IVM/2021|MZ839103.1|2021-08-12	node_17713
USA/MA-CDCBI-CRSP_HJ7XIAOGJOI66VGX/2021|MZ839129.1|2021-08-12	node_17713
USA/MA-CDCBI-CRSP_L633UO7QTGWANUWY/2021|MZ776076.1|2021-08-03	node_17713
USA/MA-CDCBI-CRSP_L633UO7QTGWANUWY/2021|MZ776076.2|2021-08-03	node_17713
USA/MA-CDCBI-CRSP_LK2KKUKKC7LXXWEZ/2021|MZ841286.1|2021-08-11	node_17713
USA/MA-CDCBI-CRSP_OLJ7GOBM6ZG3ADQE/2021|MZ830929.1|2021-08-09	node_17713
USA/MA-CDCBI-CRSP_OMJQU5VMPSUA4O56/2021|MZ830931.1|2021-08-10	node_17713
USA/MA-CDCBI-CRSP_RCWS3PMDXFW6VDTI/2021|MZ839260.1|2021-08-12	node_17713
USA/MA-CDCBI-CRSP_S2EFHIHORKBU5VR5/2021|MZ830985.1|2021-08-10	node_17713
USA/MA-CDCBI-CRSP_SYRSM3VIR4KZ4S3J/2021|MZ839283.1|2021-08-12	node_17713
USA/MA-CDCBI-CRSP_TOQGUERLXZMVP6H6/2021|MZ801583.1|2021-08-08	node_17713
USA/MA-CDCBI-CRSP_TXZS5RDZAAMDMYLC/2021|MZ831017.1|2021-08-10	node_17713
USA/MA-CDCBI-CRSP_XCQ4NPYZSJ2L5AGU/2021|MZ831066.1|2021-08-10	node_17713
USA/MA-CDCBI-CRSP_ZRBRLFEDTXQ4B6AD/2021|MZ839371.1|2021-08-12	node_17713
USA/MA-CDCBI-CRSP_5573QOMTZOOFGV5J/2021|MZ841110.1|2021-08-10	node_22748
USA/MA-CDCBI-CRSP_DAWSDTGK77E7JDEP/2021|MZ839075.1|2021-08-13	node_22748
USA/MA-CDCBI-CRSP_ESSGY3V3NC65PQSF/2021|MZ777747.1|2021-08-05	node_22748
USA/MA-CDCBI-CRSP_GWRG4TWHXHQQLZBB/2021|MZ841225.1|2021-08-11	node_22748
USA/MA-CDCBI-CRSP_GYQ7ORBJGH5VLQIN/2021|MZ841228.1|2021-08-12	node_22748
USA/MA-CDCBI-CRSP_HVH4NMZGR5BCTMQP/2021|MZ839131.1|2021-08-13	node_22748
USA/MA-CDCBI-CRSP_NTST76J3D2JZ2UC3/2021|MZ777885.1|2021-08-05	node_22748
USA/MA-CDCBI-CRSP_QRNZ6YAGS4CENDR3/2021|MZ841358.1|2021-08-11	node_22748
USA/MA-CDCBI-CRSP_QSYRU74JVNR34EF3/2021|MZ801542.1|2021-08-08	node_22748
USA/MA-CDCBI-CRSP_R4N4L3SKO5OA4R25/2021|MZ830966.1|2021-08-09	node_22748
USA/MA-CDCBI-CRSP_UDSOX5NPSGGCNSP6/2021|MZ841404.1|2021-08-11	node_22748
USA/MA-CDCBI-CRSP_UJHXV65FHHOFYCGP/2021|MZ839303.1|2021-08-13	node_22748
USA/MA-CDCBI-CRSP_UXLM52IST2H6SDAK/2021|MZ831030.1|2021-08-09	node_22748
USA/MA-CDCBI-CRSP_VOTBORZRNCCPLIZY/2021|MZ801608.1|2021-08-09	node_22748
USA/MA-CDCBI-CRSP_VQZ6MBD7L7ZYASB5/2021|MZ831040.1|2021-08-10	node_22748
USA/MA-CDCBI-CRSP_YQLFKYBHXMRKLRG2/2021|MZ839360.1|2021-08-12	node_22748
USA/MA-CDCBI-CRSP_ZYWEZON2M4MWFU4W/2021|MZ831099.1|2021-08-10	node_22748
USA/MD-MDH-3870/2021|MZ782698.1|2021-08-01	node_20340
USA/MD-MDH-3871/2021|MZ782699.1|2021-08-01	node_20340
USA/MD-MDH-3912/2021|MZ820162.1|2021-08-03	USA/MD-MDH-3912/2021|MZ820162.1|2021-08-03
USA/MD-CDC-IBX317782093248/2021|MZ755203.1|2021-07-31	USA/MD-CDC-IBX317782093248/2021|MZ755203.1|2021-07-31
USA/MD-MDH-3869/2021|MZ782697.1|2021-08-01	USA/MD-MDH-3869/2021|MZ782697.1|2021-08-01
USA/MD-MDH-3877/2021|MZ782704.1|2021-08-02	USA/MD-MDH-3877/2021|MZ782704.1|2021-08-02
USA/ME-CDCBI-CRSP_3ZVPHN6MN5N2PT25/2021|MZ801678.1|2021-08-08	node_58090
USA/ME-CDCBI-CRSP_5AR77JK5ZQIXHTNQ/2021|MZ801679.1|2021-08-08	node_58090
USA/ME-CDCBI-CRSP_BDERRKNW524QHPMU/2021|MZ839374.1|2021-08-12	node_58090
USA/ME-CDCBI-CRSP_DL3EVIP4FJGSFWKW/2021|MZ801680.1|2021-08-08	node_58090
USA/ME-CDCBI-CRSP_TTYKAJ36INTTUJMD/2021|MZ801681.1|2021-08-08	node_58090
USA/ME-CDCBI-CRSP_HZ32QMDC2LQKQVGK/2021|MZ839375.1|2021-08-13	USA/ME-CDCBI-CRSP_HZ32QMDC2LQKQVGK/2021|MZ839375.1|2021-08-13
USA/ME-CDCBI-CRSP_QJXYDQHADWTYBKM5/2021|MZ841478.1|2021-08-11	USA/ME-CDCBI-CRSP_QJXYDQHADWTYBKM5/2021|MZ841478.1|2021-08-11
USA/ME-CDCBI-CRSP_YPVOTMRQRZRQGB6Y/2021|MZ831100.1|2021-08-09	USA/ME-CDCBI-CRSP_YPVOTMRQRZRQGB6Y/2021|MZ831100.1|2021-08-09
USA/MI-CDC-FG-071823/2021|MZ837493.1|2021-08-08	node_22147
USA/MI-CDC-FG-071823/2021|MZ837845.1|2021-08-08	node_22147
USA/MI-CDC-FG-071815/2021|MZ837492.1|2021-08-05	node_22801
USA/MI-CDC-FG-071815/2021|MZ837844.1|2021-08-05	node_22801
USA/MI-CDC-FG-058713/2021|MZ761912.1|2021-08-02	USA/MI-CDC-FG-058713/2021|MZ761912.1|2021-08-02
USA/MI-CDC-FG-058758/2021|MZ761911.1|2021-08-02	USA/MI-CDC-FG-058758/2021|MZ761911.1|2021-08-02
USA/MN-MDH-10070/2021|MZ821710.1|2021-08-02	node_58497
USA/MN-MDH-10074/2021|MZ821714.1|2021-08-02	node_58497
USA/MN-MDH-10089/2021|MZ821729.1|2021-08-01	node_58497
USA/MN-MDH-10090/2021|MZ821730.1|2021-08-03	node_58497
USA/MN-MDH-10093/2021|MZ821733.1|2021-08-03	node_58497
USA/MN-MDH-10115/2021|MZ821755.1|2021-08-05	node_58497
USA/MN-MDH-10116/2021|MZ821756.1|2021-08-05	node_58497
USA/MN-MDH-9836/2021|MZ816266.1|2021-08-06	node_58497
USA/MN-MDH-9223/2021|MZ733359.1|2021-07-31	node_100884
USA/MN-MDH-9692/2021|MZ782305.1|2021-08-03	node_100884
USA/MN-MDH-9693/2021|MZ782306.1|2021-08-03	node_100884
USA/MN-MDH-9694/2021|MZ782307.1|2021-08-03	node_100884
USA/MN-MDH-9695/2021|MZ782308.1|2021-08-03	node_100884
USA/MN-MDH-9696/2021|MZ782309.1|2021-08-03	node_100884
USA/MN-MDH-10080/2021|MZ821720.1|2021-08-02	node_58516
USA/MN-MDH-9685/2021|MZ782298.1|2021-07-31	node_58516
USA/MN-MDH-9727/2021|MZ782340.1|2021-08-03	node_58516
USA/MN-MDH-9806/2021|MZ783138.1|2021-08-01	node_58516
USA/MN-MDH-9807/2021|MZ783139.1|2021-08-02	node_58516
USA/MN-MDH-9956/2021|MZ816402.1|2021-08-05	node_58516
USA/MN-MDH-10056/2021|MZ821696.1|2021-08-04	node_56818
USA/MN-MDH-10227/2021|MZ827113.1|2021-08-09	node_56818
USA/MN-MDH-10239/2021|MZ827125.1|2021-08-09	node_56818
USA/MN-MDH-10276/2021|MZ827162.1|2021-08-10	node_56818
USA/MN-MDH-10113/2021|MZ821753.1|2021-08-05	node_22194
USA/MN-MDH-10114/2021|MZ821754.1|2021-08-05	node_22194
USA/MN-MDH-10119/2021|MZ821759.1|2021-08-02	node_22194
USA/MN-MDH-9594/2021|MZ758816.1|2021-08-01	node_22194
USA/MO-UMGC-7090/2021|MZ748002.1|2021-07-31	node_58761
USA/MO-UMGC-8221/2021|MZ831435.1|2021-08-03	node_58761
USA/MO-UMGC-8256/2021|MZ831467.1|2021-08-04	node_58761
USA/MO-UMGC-8269/2021|MZ831480.1|2021-08-04	node_58761
USA/MO-UMGC-8128/2021|MZ831353.1|2021-08-05	node_58141
USA/MO-UMGC-8146/2021|MZ831370.1|2021-08-09	node_58141
USA/MO-UMGC-8184/2021|MZ831406.1|2021-08-10	node_58141
USA/MO-UMGC-8246/2021|MZ831457.1|2021-08-04	node_53480
USA/MO-UMGC-8264/2021|MZ831475.1|2021-08-04	node_53480
USA/MO-UMGC-8260/2021|MZ831471.1|2021-08-04	node_58528
USA/MO-UMGC-8271/2021|MZ831482.1|2021-08-04	node_58528
USA/MO-UMGC-7153/2021|MZ748056.1|2021-08-01	node_58455
USA/MO-UMGC-7160/2021|MZ748062.1|2021-08-01	node_58455
USA/MT-CDC-IBX970631748267/2021|MZ755185.1|2021-08-02	USA/MT-CDC-IBX970631748267/2021|MZ755185.1|2021-08-02
USA/NH-CDCBI-CRSP_IXI5WZW32YFXVMYU/2021|MZ753390.1|2021-08-02	node_58054
USA/NH-CDCBI-CRSP_WXOTBNT6DONX5B5Z/2021|MZ776288.1|2021-08-03	node_58054
USA/NH-CDCBI-CRSP_WXOTBNT6DONX5B5Z/2021|MZ776288.2|2021-08-03	node_58054
USA/NH-CDCBI-CRSP_B7SCEA5S6M7CRYCL/2021|MZ776286.1|2021-08-03	node_57916
USA/NH-CDCBI-CRSP_B7SCEA5S6M7CRYCL/2021|MZ776286.2|2021-08-03	node_57916
USA/NH-CDCBI-CRSP_3E5UX7K5WNVJ7RHO/2021|MZ776285.1|2021-08-04	node_59433
USA/NH-CDCBI-CRSP_3E5UX7K5WNVJ7RHO/2021|MZ776285.2|2021-08-04	node_59433
USA/NH-CDCBI-CRSP_BUMRJK4IHRU7N66O/2021|MZ841479.1|2021-08-12	USA/NH-CDCBI-CRSP_BUMRJK4IHRU7N66O/2021|MZ841479.1|2021-08-12
USA/NH-CDCBI-CRSP_FUVYV23C6QO37E6T/2021|MZ831102.1|2021-08-10	USA/NH-CDCBI-CRSP_FUVYV23C6QO37E6T/2021|MZ831102.1|2021-08-10
USA/NJ-CDC-FG-072944/2021|MZ837387.1|2021-08-05	node_12916
USA/NJ-CDC-FG-072944/2021|MZ837739.1|2021-08-05	node_12916
USA/NJ-CDC-FG-072956/2021|MZ837394.1|2021-08-05	node_12916
USA/NJ-CDC-FG-072956/2021|MZ837746.1|2021-08-05	node_12916
USA/NJ-CDC-FG-073024/2021|MZ837401.1|2021-08-05	node_12916
USA/NJ-CDC-FG-073024/2021|MZ837753.1|2021-08-05	node_12916
USA/NJ-CDC-FG-072980/2021|MZ837409.1|2021-08-05	node_11992
USA/NJ-CDC-FG-073083/2021|MZ837424.1|2021-08-05	node_11992
USA/NJ-CDC-FG-073083/2021|MZ837776.1|2021-08-05	node_11992
USA/NJ-CDC-FG-073133/2021|MZ837431.1|2021-08-05	node_11992
USA/NJ-CDC-FG-073133/2021|MZ837783.1|2021-08-05	node_11992
USA/NJ-CDC-FG-072953/2021|MZ837384.1|2021-08-06	node_11899
USA/NJ-CDC-FG-072953/2021|MZ837736.1|2021-08-06	node_11899
USA/NJ-CDC-FG-073137/2021|MZ837293.1|2021-08-04	node_13578
USA/NJ-CDC-FG-073137/2021|MZ837645.1|2021-08-04	node_13578
USA/NJ-CDC-FG-073130/2021|MZ837273.1|2021-08-04	node_185621
USA/NJ-CDC-FG-073130/2021|MZ837625.1|2021-08-04	node_185621
USA/NM-CDC-FG-061838/2021|MZ763943.1|2021-08-04	USA/NM-CDC-FG-061838/2021|MZ763943.1|2021-08-04
USA/NM-CDC-IBX761568835319/2021|MZ755138.1|2021-07-31	USA/NM-CDC-IBX761568835319/2021|MZ755138.1|2021-07-31
USA/NM-CDC-IBX932066856754/2021|MZ802042.1|2021-07-31	USA/NM-CDC-IBX932066856754/2021|MZ802042.1|2021-07-31
USA/NM-CDC-IBX983770229146/2021|MZ755189.1|2021-08-02	USA/NM-CDC-IBX983770229146/2021|MZ755189.1|2021-08-02
USA/NV-CDC-FG-071915/2021|MZ837472.1|2021-08-05	node_53838
USA/NV-CDC-FG-071915/2021|MZ837824.1|2021-08-05	node_53838
USA/NV-NSPHL-377979/2021|MZ769644.1|2021-08-02	node_17968
USA/NV-NSPHL-377983/2021|MZ769645.1|2021-08-01	node_17968
USA/NV-NSPHL-378202/2021|MZ769646.1|2021-08-02	USA/NV-NSPHL-378202/2021|MZ769646.1|2021-08-02
USA/NV-NSPHL-378217/2021|MZ769647.1|2021-08-02	USA/NV-NSPHL-378217/2021|MZ769647.1|2021-08-02
USA/NY-CDC-FG-072991/2021|MZ837333.1|2021-08-05	node_8895
USA/NY-CDC-FG-072991/2021|MZ837685.1|2021-08-05	node_8895
USA/NY-CDC-FG-073054/2021|MZ837398.1|2021-08-06	node_8895
USA/NY-CDC-FG-073054/2021|MZ837750.1|2021-08-06	node_8895
USA/NY-CDC-FG-073120/2021|MZ837451.1|2021-08-06	node_8895
USA/NY-CDC-FG-073120/2021|MZ837803.1|2021-08-06	node_8895
USA/NY-CDC-FG-073124/2021|MZ837450.1|2021-08-05	node_8895
USA/NY-CDC-FG-073124/2021|MZ837802.1|2021-08-05	node_8895
USA/NY-CDC-FG-072979/2021|MZ837326.1|2021-08-06	node_20355
USA/NY-CDC-FG-072979/2021|MZ837678.1|2021-08-06	node_20355
USA/NY-CDC-FG-073158/2021|MZ837453.1|2021-08-06	node_20355
USA/NY-CDC-FG-073158/2021|MZ837805.1|2021-08-06	node_20355
USA/NY-CDC-FG-073181/2021|MZ837435.1|2021-08-06	node_20355
USA/NY-CDC-FG-073181/2021|MZ837787.1|2021-08-06	node_20355
USA/NY-CDC-FG-073032/2021|MZ837396.1|2021-08-05	node_20543
USA/NY-CDC-FG-073032/2021|MZ837748.1|2021-08-05	node_20543
USA/NY-CDC-FG-073088/2021|MZ837360.1|2021-08-06	node_20543
USA/NY-CDC-FG-073088/2021|MZ837712.1|2021-08-06	node_20543
USA/NY-CDC-FG-073103/2021|MZ837419.1|2021-08-05	node_20543
USA/NY-CDC-FG-073103/2021|MZ837771.1|2021-08-05	node_20543
USA/NY-CDC-FG-072961/2021|MZ837381.1|2021-08-06	node_56471
USA/NY-CDC-FG-072961/2021|MZ837733.1|2021-08-06	node_56471
USA/NY-CDC-FG-073175/2021|MZ837440.1|2021-08-05	node_56471
USA/NY-CDC-FG-073175/2021|MZ837792.1|2021-08-05	node_56471
USA/NY-CDC-FG-073192/2021|MZ837279.1|2021-08-04	node_56471
USA/NY-CDC-FG-073192/2021|MZ837631.1|2021-08-04	node_56471
USA/NY-CDC-FG-073029/2021|MZ837265.1|2021-08-05	node_17961
USA/NY-CDC-FG-073029/2021|MZ837617.1|2021-08-05	node_17961
USA/NY-CDC-FG-073185/2021|MZ837371.1|2021-08-05	node_17961
USA/NY-CDC-FG-073185/2021|MZ837723.1|2021-08-05	node_17961
USA/OH-CDC-FG-062275/2021|MZ802226.1|2021-08-03	USA/OH-CDC-FG-062275/2021|MZ802226.1|2021-08-03
USA/OH-CDC-FG-062350/2021|MZ802227.1|2021-08-03	USA/OH-CDC-FG-062350/2021|MZ802227.1|2021-08-03
USA/OH-UHTL-1117/2021|MZ772468.1|2021-08-03	USA/OH-UHTL-1117/2021|MZ772468.1|2021-08-03
USA/OH-UHTL-1118/2021|MZ772469.1|2021-08-04	USA/OH-UHTL-1118/2021|MZ772469.1|2021-08-04
USA/OH-UHTL-1119/2021|MZ772470.1|2021-08-04	USA/OH-UHTL-1119/2021|MZ772470.1|2021-08-04
USA/OK-CDC-FG-072073/2021|MZ837480.1|2021-08-06	node_51266
USA/OK-CDC-FG-072073/2021|MZ837832.1|2021-08-06	node_51266
USA/OK-CDC-FG-059258/2021|MZ761330.1|2021-08-02	USA/OK-CDC-FG-059258/2021|MZ761330.1|2021-08-02
USA/OK-CDC-FG-061286/2021|MZ763462.1|2021-08-02	USA/OK-CDC-FG-061286/2021|MZ763462.1|2021-08-02
USA/PA-M21074420/2021|MZ827047.1|2021-08-03	node_54270
USA/PA-M21074424/2021|MZ827048.1|2021-08-03	node_54270
USA/PA-M21074427/2021|MZ827049.1|2021-08-03	node_55964
USA/PA-M21074435/2021|MZ827050.1|2021-08-03	node_55964
USA/PA-M21074083/2021|MZ827046.1|2021-08-03	USA/PA-M21074083/2021|MZ827046.1|2021-08-03
USA/PA-M21074588/2021|MZ827058.1|2021-08-04	USA/PA-M21074588/2021|MZ827058.1|2021-08-04
USA/PA-M21075008/2021|MZ827060.1|2021-08-04	USA/PA-M21075008/2021|MZ827060.1|2021-08-04
USA/RI-CDCBI-CRSP_3RBEKQFF5INIDFHK/2021|MZ801692.1|2021-08-09	node_7488
USA/RI-CDCBI-CRSP_MSPOPMUSIOWP2TYA/2021|MZ839389.1|2021-08-12	node_7488
USA/RI-CDCBI-CRSP_P5S3UHKH5OLGPTZM/2021|MZ841486.1|2021-08-11	node_7488
USA/RI-CDCBI-CRSP_VROSEQUCEVWTWJBS/2021|MZ841489.1|2021-08-12	node_7488
USA/RI-CDCBI-CRSP_PMK5JHE3DE3BQ6FA/2021|MZ776297.1|2021-08-03	node_58678
USA/RI-CDCBI-RIDOH_BVX7VNNCUGL26YOF/2021|MZ776319.1|2021-07-31	node_58678
USA/RI-CDCBI-RIDOH_YWDAX5HC6CLTBHKW/2021|MZ776380.1|2021-07-31	node_58678
USA/RI-CDCBI-RIDOH_JWUZWILW6ITZTYUZ/2021|MZ841540.1|2021-08-03	node_58687
USA/RI-CDCBI-RIDOH_LNUVAYSJMVAU24SI/2021|MZ841547.1|2021-08-02	node_58687
USA/RI-CDCBI-RIDOH_O3ONLUAMCUWH2XXZ/2021|MZ841551.1|2021-08-02	node_58687
USA/RI-CDCBI-RIDOH_226N7XJ56O53RZMC/2021|MZ841490.1|2021-08-03	node_57119
USA/RI-CDCBI-RIDOH_5EQ47PU7IZT4EUKS/2021|MZ841500.1|2021-08-05	node_57119
USA/RI-CDCBI-RIDOH_7INKECX7BQVAW2QX/2021|MZ841511.1|2021-08-06	node_57161
USA/RI-CDCBI-RIDOH_GCPR2K7TQZTH77RD/2021|MZ841525.1|2021-08-06	node_57161
USA/SC-CDC-FG-071929/2021|MZ837479.1|2021-08-06	node_58738
USA/SC-CDC-FG-071929/2021|MZ837831.1|2021-08-06	node_58738
USA/SC-CDC-FG-071903/2021|MZ837464.1|2021-08-05	USA/SC-CDC-FG-071903/2021|MZ837464.1|2021-08-05
USA/SC-CDC-FG-071903/2021|MZ837816.1|2021-08-05	USA/SC-CDC-FG-071903/2021|MZ837816.1|2021-08-05
USA/TN-CDC-FG-071832/2021|MZ837474.1|2021-08-05	node_11812
USA/TN-CDC-FG-071832/2021|MZ837826.1|2021-08-05	node_11812
USA/TN-CDC-FG-061804/2021|MZ763941.1|2021-08-03	USA/TN-CDC-FG-061804/2021|MZ763941.1|2021-08-03
USA/TN-CDC-FG-061791/2021|MZ763873.1|2021-08-02	USA/TN-CDC-FG-061791/2021|MZ763873.1|2021-08-02
USA/TN-CDC-FG-061833/2021|MZ763876.1|2021-07-31	USA/TN-CDC-FG-061833/2021|MZ763876.1|2021-07-31
USA/TN-CDC-FG-061910/2021|MZ763949.1|2021-08-02	USA/TN-CDC-FG-061910/2021|MZ763949.1|2021-08-02
USA/TX-CDC-FG-072757/2021|MZ837539.1|2021-07-31	node_54363
USA/TX-CDC-FG-072757/2021|MZ837891.1|2021-07-31	node_54363
USA/TX-CDC-FG-072883/2021|MZ837557.1|2021-07-31	node_54363
USA/TX-CDC-FG-072883/2021|MZ837909.1|2021-07-31	node_54363
USA/TX-CDC-FG-057657/2021|MZ762312.1|2021-08-01	node_51328
USA/TX-CDC-FG-062367/2021|MZ802104.1|2021-08-02	node_51328
USA/TX-CDC-FG-062376/2021|MZ802106.1|2021-08-02	node_51328
USA/TX-CDC-FG-058350/2021|MZ761926.1|2021-08-03	node_57661
USA/TX-CDC-FG-058361/2021|MZ761943.1|2021-08-03	node_57661
USA/TX-CDC-FG-058382/2021|MZ761971.1|2021-08-02	node_57661
USA/TX-CDC-FG-062245/2021|MZ802183.1|2021-08-04	node_54147
USA/TX-CDC-FG-062333/2021|MZ802184.1|2021-08-04	node_54147
USA/TX-CDC-FG-072935/2021|MZ837576.1|2021-08-02	node_11949
USA/TX-CDC-FG-072935/2021|MZ837928.1|2021-08-02	node_11949
USA/UT-UPHL-210811348117/2021|MZ817762.1|2021-07-31	USA/UT-UPHL-210811348117/2021|MZ817762.1|2021-07-31
USA/UT-UPHL-210811815123/2021|MZ817905.1|2021-07-31	USA/UT-UPHL-210811815123/2021|MZ817905.1|2021-07-31
USA/VT-CDCBI-CRSP_24YRWZD4TXLNFGGR/2021|MZ839391.1|2021-08-13	node_18475
USA/VT-CDCBI-CRSP_4IHFAXEAE5F6TANS/2021|MZ831124.1|2021-08-10	node_18475
USA/VT-CDCBI-CRSP_5H6RL6A32MFYNCN2/2021|MZ831131.1|2021-08-09	node_18475
USA/VT-CDCBI-CRSP_5IW5UTDXUN7AOCQU/2021|MZ778090.1|2021-08-06	node_18475
USA/VT-CDCBI-CRSP_7VCLRORHOIPFO66B/2021|MZ831138.1|2021-08-09	node_18475
USA/VT-CDCBI-CRSP_AUR4GTIC2ZMQ3ZLV/2021|MZ801696.1|2021-08-07	node_18475
USA/VT-CDCBI-CRSP_EUTCVQKUL5VOZBCL/2021|MZ831153.1|2021-08-09	node_18475
USA/VT-CDCBI-CRSP_IVJSX6MOP5EQIZFH/2021|MZ831164.1|2021-08-10	node_18475
USA/VT-CDCBI-CRSP_KWP3WLUGM2KQGZQJ/2021|MZ839428.1|2021-08-13	node_18475
USA/VT-CDCBI-CRSP_LZKAT6PIIUOE7ORV/2021|MZ831171.1|2021-08-09	node_18475
USA/VT-CDCBI-CRSP_SHIKTLGSKTR4CFY6/2021|MZ839443.1|2021-08-13	node_18475
USA/VT-CDCBI-CRSP_SO2IHR6YNWKCJN4Y/2021|MZ778136.1|2021-08-06	node_18475
USA/VT-CDCBI-CRSP_UQS4ILC3ZJ7RH5AW/2021|MZ839450.1|2021-08-13	node_18475
USA/VT-CDCBI-CRSP_V6FHLZEXJSDAYK7S/2021|MZ839452.1|2021-08-12	node_18475
USA/VT-CDCBI-CRSP_4Y2AUCAVYUYMBV5H/2021|MZ778088.1|2021-08-06	node_22604
USA/VT-CDCBI-CRSP_56BEM3RLGSMZWHIN/2021|MZ778089.1|2021-08-05	node_22604
USA/VT-CDCBI-CRSP_5OV3FJTRMXRBCKY7/2021|MZ831133.1|2021-08-09	node_22604
USA/VT-CDCBI-CRSP_BCWRYWV2BWITDUYO/2021|MZ831143.1|2021-08-10	node_22604
USA/VT-CDCBI-CRSP_CIJC6NGHDNMR3OPK/2021|MZ831145.1|2021-08-10	node_22604
USA/VT-CDCBI-CRSP_DQVSZWOCEI5EQKUI/2021|MZ831148.1|2021-08-09	node_22604
USA/VT-CDCBI-CRSP_F47UVMPRRVA244KD/2021|MZ841589.1|2021-08-11	node_22604
USA/VT-CDCBI-CRSP_GBTVUG7MJNKI3WQJ/2021|MZ778105.1|2021-08-04	node_22604
USA/VT-CDCBI-CRSP_HGQXJ4TKBRY2RBUR/2021|MZ839420.1|2021-08-13	node_22604
USA/VT-CDCBI-CRSP_I44KKGAAHIE2AWK7/2021|MZ839423.1|2021-08-12	node_22604
USA/VT-CDCBI-CRSP_LNZTF5YJ77Q4RHJ5/2021|MZ778121.1|2021-08-04	node_22604
USA/VT-CDCBI-CRSP_RDQL66QXDHX7KV4P/2021|MZ839439.1|2021-08-12	node_22604
USA/VT-CDCBI-CRSP_T5UVKUZW75LICT2M/2021|MZ839445.1|2021-08-12	node_22604
USA/VT-CDCBI-CRSP_AJJV2W43P3YWPZKY/2021|MZ839408.1|2021-08-12	node_18265
USA/VT-CDCBI-CRSP_EZI4HC55BCJ3XIOL/2021|MZ839412.1|2021-08-12	node_18265
USA/VT-CDCBI-CRSP_FBZP2YQNOCU4XBQK/2021|MZ831154.1|2021-08-09	node_18265
USA/VT-CDCBI-CRSP_MZCYDP7FASOYRWDF/2021|MZ839432.1|2021-08-12	node_18265
USA/VT-CDCBI-CRSP_QIXD6ICGL3B5G7YS/2021|MZ839436.1|2021-08-12	node_18265
USA/VT-CDCBI-CRSP_R7MIUDJQU5U3QYBQ/2021|MZ839438.1|2021-08-12	node_18265
USA/VT-CDCBI-CRSP_SLCKKRW53WIXTD2B/2021|MZ839444.1|2021-08-13	node_18265
USA/VT-CDCBI-CRSP_VX5HBCP66XYJNAJJ/2021|MZ839453.1|2021-08-12	node_18265
USA/VT-CDCBI-CRSP_WVFKSCKGZMWOEZVI/2021|MZ831203.1|2021-08-10	node_18265
USA/VT-CDCBI-CRSP_3MNUXPIHFP4OWW6X/2021|MZ839399.1|2021-08-12	node_53425
USA/VT-CDCBI-CRSP_4RIZPAGLLU5MET4X/2021|MZ831128.1|2021-08-10	node_53425
USA/VT-CDCBI-CRSP_6NKV5EJLEGVL2DN7/2021|MZ831134.1|2021-08-10	node_53425
USA/VT-CDCBI-CRSP_JKJMXMELV6EU47EL/2021|MZ839425.1|2021-08-12	node_53425
USA/VT-CDCBI-CRSP_L3IMEVIDHDQRTA52/2021|MZ831169.1|2021-08-10	node_53425
USA/VT-CDCBI-CRSP_QBN6R3AQBUYAKTAD/2021|MZ839435.1|2021-08-13	node_53425
USA/VT-CDCBI-CRSP_DZDX36R24R2W2M6N/2021|MZ831150.1|2021-08-10	node_14389
USA/VT-CDCBI-CRSP_EI452423NTRQSY63/2021|MZ841588.1|2021-08-11	node_14389
USA/VT-CDCBI-CRSP_YMBN5JYBLSP6VWCE/2021|MZ841612.1|2021-08-11	node_14389
USA/WA-CDC-UW21080204459/2021|MZ843099.1|2021-08-02	node_18353
USA/WA-CDC-UW21080212693/2021|MZ843179.1|2021-08-02	node_18353
USA/WA-CDC-UW21080263161/2021|MZ843111.1|2021-08-02	node_18353
USA/WA-CDC-UW21080276556/2021|MZ843161.1|2021-08-02	node_18353
USA/WA-CDC-UW21080509712/2021|MZ843004.1|2021-08-05	node_18353
USA/WA-CDC-UW21080253070/2021|MZ843121.1|2021-08-02	node_11703
USA/WA-CDC-UW21080260895/2021|MZ843156.1|2021-08-02	node_11703
USA/WA-CDC-UW21080267072/2021|MZ843139.1|2021-08-02	node_11703
USA/WA-CDC-UW21080114381/2021|MZ843237.1|2021-08-01	node_13424
USA/WA-CDC-UW21080121035/2021|MZ843198.1|2021-08-01	node_13424
USA/WA-CDC-UW21080278592/2021|MZ843127.1|2021-08-02	node_13424
USA/WA-CDC-UW21073125473/2021|MZ788465.1|2021-07-31	node_19130
USA/WA-CDC-UW21073153538/2021|MZ788466.1|2021-07-31	node_19130
USA/WA-CDC-UW21080292402/2021|MZ843089.1|2021-08-02	node_19130
USA/WA-CDC-UW21073112747/2021|MZ788401.1|2021-07-31	node_57116
USA/WA-CDC-UW21073116062/2021|MZ788454.1|2021-07-31	node_57116
USA/WA-CDC-UW21073127616/2021|MZ788429.1|2021-07-31	node_57116
USA/WI-CDC-FG-062276/2021|MZ802231.1|2021-08-03	USA/WI-CDC-FG-062276/2021|MZ802231.1|2021-08-03
USA/WI-CDC-FG-062277/2021|MZ802224.1|2021-08-03	USA/WI-CDC-FG-062277/2021|MZ802224.1|2021-08-03
USA/WI-CDC-FG-062354/2021|MZ802223.1|2021-08-03	USA/WI-CDC-FG-062354/2021|MZ802223.1|2021-08-03
USA/WI-CDC-FG-057555/2021|MZ762320.1|2021-07-31	USA/WI-CDC-FG-057555/2021|MZ762320.1|2021-07-31
USA/WI-CDC-FG-057566/2021|MZ762322.1|2021-07-31	USA/WI-CDC-FG-057566/2021|MZ762322.1|2021-07-31
USA/WV-CDC-IBX517481141706/2021|MZ755087.1|2021-07-31	USA/WV-CDC-IBX517481141706/2021|MZ755087.1|2021-07-31
