cluster_id	sample_count	earliest_date	latest_date	growth_score	span	intro_confidence	parent_confidence	origin_gap	region	inferred_origin	inferred_origin_confidence	clade	mutation_path	samples
node_94889	13	2020-May-27	2020-Jul-01	2.16667	6	0.583333	0.377246	1	AK	indeterminate	0	B.1.181,20A	C29370G<A20268G<C3037T<A23403G<C14408T<C241T<<	USA/AK-PHL346/2020|MT946884.1|20-05-27,USA/AK-PHL383/2020|MW079838.1|20-05-31,USA/AK-PHL384/2020|MW079839.1|20-06-01,USA/AK-PHL397/2020|MW079836.1|20-06-01,USA/AK-PHL400/2020|MW079840.1|20-06-01,USA/AK-PHL403/2020|MT946885.1|20-06-01,USA/AK-PHL404/2020|MW079837.1|20-06-02,USA/AK-PHL414/2020|MT946886.1|20-06-03,USA/AK-PHL440/2020|MT946887.1|20-06-06,USA/AK-PHL442/2020|MT946888.1|20-06-07,USA/AK-PHL455/2020|MW079828.1|20-06-08,USA/AK-PHL471/2020|MT946891.1|20-06-11,USA/AK-PHL529/2020|MT946892.1|20-06-17
node_20918	2	2021-Feb-06	2021-Feb-06	2	0	0.666667	0.423077	1	AK	WA	0.709677	20G,B.1.2	G29688C<C5835T,C17213T<G29402T<T19872G<G19872T<G8083A<C14805T<C21304T<A18424G<C28472T<C28869T<G25907T<C10319T<C27964T<C1059T<G25563T<C3037T<A23403G<C14408T<C241T<<	USA/AK-CDC-2-3925173/2021|MW731213.1|21-02-06,USA/AK-CDC-2-3925186/2021|MW731214.1|21-02-06
node_32754	2	2021-Feb-07	2021-Feb-07	2	1	0.5	0.0625	1	AK	FL	0.8	20G,B.1.2	C5007T<C21191T<G29405C<G15253A<A20163G<C26305G<C21304T<A18424G<C28472T<C28869T<G25907T<C10319T<C27964T<C1059T<G25563T<C3037T<A23403G<C14408T<C241T<<	USA/AK-CDC-2-3925187/2021|MW731221.1|21-02-07,USA/AK-CDC-2-3925270/2021|MW731215.1|21-02-07
node_38857	2	2020-Nov-09	2020-Nov-09	2	3	0.5	0.191489	2	AK	MA	0.0597015	B.1.426,20C	A2473G,C21221T<C5512T,C9515T<A19175C<C17125T,T19839C<G25523T<T29685G<C11379T<C6541T<A22320G<T833C<C27964T<C1059T<G25563T<C3037T<A23403G<C14408T<C241T<<	USA/AK-CDC-2-3693667/2020|MW406506.1|20-11-09,USA/AK-CDC-2-3693693/2020|MW406510.1|20-11-09
node_47282	2	2021-Feb-04	2021-Feb-04	2	0	1	0.323077	3	AK	indeterminate	0	B.1.429,20C	C2040T,C12513T,C18247T<A544C<G2747T,C27012T<T29362C<C8947T<C12100T<C2395T<A12878G<T2597C<G27890T<T24349C<G21600T<G22018T<<G17014T<T22917G<C29362T<A28272T<C26681T<<C28887T<C1059T<G25563T<C3037T<A23403G<C14408T<C241T<<	USA/AK-CDC-21803437/2021|MW669549.1|21-02-04,USA/AK-CDC-21804109/2021|MW669452.1|21-02-04
node_77023	2	2020-Jun-20	2020-Jun-22	2	1	1	0.4	4	AK	IL	0.146341	B.1.243,20A	C900T,C2061T,C18647T,C21682T<G25654T<G11243T<T24076C<C28854T<A20268G<C3037T<A23403G<C14408T<C241T<<	USA/AK-PHL550/2020|MT946895.1|20-06-20,USA/AK-PHL727/2020|MW173164.1|20-06-22
node_17137	4	2021-Jan-25	2021-Feb-11	1.33333	6	0.833333	0.0909091	1	AK	CO,OK	0.0547945,0.178571	20G,B.1.2	C7420T<G18028A<G1245A<G1942T<G23593T<A9085G<G29402T<T19872G<G19872T<G8083A<C14805T<C21304T<A18424G<C28472T<C28869T<G25907T<C10319T<C27964T<C1059T<G25563T<C3037T<A23403G<C14408T<C241T<<	USA/AK-CDC-2-3845935/2021|MW708335.1|21-01-25,USA/AK-CDC-2-3925195/2021|MW731211.1|21-02-11,USA/AK-CDC-2-3925289/2021|MW731209.1|21-02-10,USA/AK-CDC-21803962/2021|MW669458.1|21-02-04
node_171867	4	2020-Jun-12	2020-Jun-26	1.33333	1	0.666667	0.0111421	1	AK	UT,CA	0.0928962,0.272374	B.1.1.228,20B	C28638A<A20288G,C26894T<<<<C21721T<G28881A<G28882A<G28883C<C3037T<A23403G<C14408T<C241T<<	USA/AK-PHL477/2020|MW079829.1|20-06-12,USA/AK-PHL534/2020|MW079835.1|20-06-18,USA/AK-PHL647/2020|MW173155.1|20-06-26,USA/AK-PHL648/2020|MW173156.1|20-06-26
USA/AK-CDC-2-3693677/2020|MW406509.1|20-11-08	1	2020-Nov-08	2020-Nov-08	1	1	1	0.16129	1	AK	CA	0.5	20G,B.1.2	C12076T<G17259T<C12924T,G29447T<A13222G,G18803T,C23533T,C26645T<C19017T,T27384C<T21886C<T1927C<A22255T<C21304T<A18424G<C28472T<C28869T<G25907T<C10319T<C27964T<C1059T<G25563T<C3037T<A23403G<C14408T<C241T<<	USA/AK-CDC-2-3693677/2020|MW406509.1|20-11-08
